time,date,hour,temperature_f,humidity_percent,precipitation_in,wind_mph,weather
2026-08-14T04:00:00Z,2026-08-14,0,85.3,74,0,6.4,Cloudy
2026-08-14T05:00:00Z,2026-08-14,1,83.8,80,0,5.8,Cloudy
2026-08-14T06:00:00Z,2026-08-14,2,83.1,86,0,5.7,Cloudy
2026-08-14T07:00:00Z,2026-08-14,3,82.6,88,0,3.6,Cloudy
2026-08-14T08:00:00Z,2026-08-14,4,82.1,90,0,3.6,Cloudy
2026-08-14T09:00:00Z,2026-08-14,5,81.5,93,0,3.8,Clear
2026-08-14T10:00:00Z,2026-08-14,6,80.8,96,0,4.5,Clear
2026-08-14T11:00:00Z,2026-08-14,7,80.1,96,0,5.5,Cloudy
2026-08-14T12:00:00Z,2026-08-14,8,81.1,90,0,5.6,Clear
2026-08-14T13:00:00Z,2026-08-14,9,83.8,84,0,4.4,Clear
2026-08-14T14:00:00Z,2026-08-14,10,86.3,73,0,4.8,Cloudy
2026-08-14T15:00:00Z,2026-08-14,11,87.4,70,0.004,4.1,Drizzle
2026-08-14T16:00:00Z,2026-08-14,12,86.2,71,0.047,7.2,Drizzle
2026-08-14T17:00:00Z,2026-08-14,13,86.2,72,0.102,11.3,Rain
2026-08-14T18:00:00Z,2026-08-14,14,88.4,65,0.059,6.2,Rain
2026-08-14T19:00:00Z,2026-08-14,15,87.5,65,0.083,0.9,Rain
2026-08-14T20:00:00Z,2026-08-14,16,85.3,69,0.028,3.5,Drizzle
2026-08-14T21:00:00Z,2026-08-14,17,86,70,0.016,2.1,Drizzle
2026-08-14T22:00:00Z,2026-08-14,18,86.7,71,0,2.8,Cloudy
2026-08-14T23:00:00Z,2026-08-14,19,87.1,71,0,3.9,Clear
2026-08-15T00:00:00Z,2026-08-14,20,82.6,86,0,7.6,Cloudy
2026-08-15T01:00:00Z,2026-08-14,21,81.5,89,0,7.1,Cloudy
2026-08-15T02:00:00Z,2026-08-14,22,81,89,0,6.1,Cloudy
2026-08-15T03:00:00Z,2026-08-14,23,80.8,91,0,5.1,Clear
2026-08-15T04:00:00Z,2026-08-15,0,80.4,92,0,4.7,Cloudy
2026-08-15T05:00:00Z,2026-08-15,1,80,94,0,5.1,Clear
2026-08-15T06:00:00Z,2026-08-15,2,80.2,92,0,6.5,Clear
2026-08-15T07:00:00Z,2026-08-15,3,80,87,0,7.3,Clear
2026-08-15T08:00:00Z,2026-08-15,4,79.7,87,0,6.9,Cloudy
2026-08-15T09:00:00Z,2026-08-15,5,79.6,87,0,8.1,Cloudy
2026-08-15T10:00:00Z,2026-08-15,6,79.4,87,0,6.6,Cloudy
2026-08-15T11:00:00Z,2026-08-15,7,79,88,0,6.9,Clear
2026-08-15T12:00:00Z,2026-08-15,8,80,89,0,5.1,Clear
2026-08-15T13:00:00Z,2026-08-15,9,81.7,83,0,4.5,Clear
2026-08-15T14:00:00Z,2026-08-15,10,84.2,77,0,4.3,Clear
2026-08-15T15:00:00Z,2026-08-15,11,86.2,69,0,2.6,Clear
2026-08-15T16:00:00Z,2026-08-15,12,87.5,63,0,0.4,Clear
2026-08-15T17:00:00Z,2026-08-15,13,87.9,63,0,2.9,Cloudy
2026-08-15T18:00:00Z,2026-08-15,14,89,61,0.02,6.9,Drizzle
2026-08-15T19:00:00Z,2026-08-15,15,87.7,63,0.004,7.6,Drizzle
2026-08-15T20:00:00Z,2026-08-15,16,87.1,64,0.02,2.5,Drizzle
2026-08-15T21:00:00Z,2026-08-15,17,87.4,64,0.004,1.7,Drizzle
2026-08-15T22:00:00Z,2026-08-15,18,87.6,66,0,2.8,Cloudy
2026-08-15T23:00:00Z,2026-08-15,19,87.5,66,0,1.4,Clear
2026-08-16T00:00:00Z,2026-08-15,20,87.7,68,0,4.5,Cloudy
2026-08-16T01:00:00Z,2026-08-15,21,86.5,72,0,4.4,Clear
2026-08-16T02:00:00Z,2026-08-15,22,85,81,0,4.4,Cloudy
2026-08-16T03:00:00Z,2026-08-15,23,83.5,89,0,4.4,Cloudy
2026-08-16T04:00:00Z,2026-08-16,0,82.6,92,0,4.1,Cloudy
2026-08-16T05:00:00Z,2026-08-16,1,82,94,0,3.5,Cloudy
2026-08-16T06:00:00Z,2026-08-16,2,81.8,97,0,3.8,Cloudy
2026-08-16T07:00:00Z,2026-08-16,3,80.8,95,0,5.3,Cloudy
2026-08-16T08:00:00Z,2026-08-16,4,80.6,91,0,4.8,Cloudy
2026-08-16T09:00:00Z,2026-08-16,5,80.2,90,0,4.9,Cloudy
2026-08-16T10:00:00Z,2026-08-16,6,79.8,91,0,5.5,Clear
2026-08-16T11:00:00Z,2026-08-16,7,79.4,91,0,4.9,Clear
2026-08-16T12:00:00Z,2026-08-16,8,80.5,88,0,4.1,Clear
2026-08-16T13:00:00Z,2026-08-16,9,82.6,82,0,3.8,Clear
2026-08-16T14:00:00Z,2026-08-16,10,84.9,73,0,3,Cloudy
2026-08-16T15:00:00Z,2026-08-16,11,86.2,69,0,2.6,Cloudy
2026-08-16T16:00:00Z,2026-08-16,12,86.9,69,0,4.7,Cloudy
2026-08-16T17:00:00Z,2026-08-16,13,86.2,74,0,9.1,Cloudy
2026-08-16T18:00:00Z,2026-08-16,14,86.8,74,0,9.7,Clear
2026-08-16T19:00:00Z,2026-08-16,15,87.1,74,0,9.1,Clear
2026-08-16T20:00:00Z,2026-08-16,16,87.5,72,0,7.4,Cloudy
2026-08-16T21:00:00Z,2026-08-16,17,87.7,71,0,6.7,Clear
2026-08-16T22:00:00Z,2026-08-16,18,87.2,73,0,7.3,Clear
2026-08-16T23:00:00Z,2026-08-16,19,87,73,0,6.6,Clear
2026-08-17T00:00:00Z,2026-08-16,20,88,71,0,6.8,Clear
2026-08-17T01:00:00Z,2026-08-16,21,88,70,0,6.5,Clear
2026-08-17T02:00:00Z,2026-08-16,22,87.8,70,0,6.9,Clear
2026-08-17T03:00:00Z,2026-08-16,23,87.3,70,0,6.5,Clear
2026-08-17T04:00:00Z,2026-08-17,0,87,70,0,5.3,Clear
2026-08-17T05:00:00Z,2026-08-17,1,86.2,73,0,4.2,Clear
2026-08-17T06:00:00Z,2026-08-17,2,85,80,0,4,Clear
2026-08-17T07:00:00Z,2026-08-17,3,84.4,83,0,3.4,Clear
2026-08-17T08:00:00Z,2026-08-17,4,83.6,85,0,3.1,Clear
2026-08-17T09:00:00Z,2026-08-17,5,82.6,89,0,3.4,Cloudy
2026-08-17T10:00:00Z,2026-08-17,6,81.3,96,0,3.6,Clear
2026-08-17T11:00:00Z,2026-08-17,7,80.3,100,0,3.6,Cloudy
2026-08-17T12:00:00Z,2026-08-17,8,81.5,99,0,2.3,Cloudy
2026-08-17T13:00:00Z,2026-08-17,9,84.1,87,0,1.6,Cloudy
2026-08-17T14:00:00Z,2026-08-17,10,86.8,70,0,1.9,Clear
2026-08-17T15:00:00Z,2026-08-17,11,87.6,70,0,5.5,Clear
2026-08-17T16:00:00Z,2026-08-17,12,87.5,71,0,8.3,Clear
2026-08-17T17:00:00Z,2026-08-17,13,87.4,70,0,9.3,Clear
2026-08-17T18:00:00Z,2026-08-17,14,88,67,0,10.2,Clear
2026-08-17T19:00:00Z,2026-08-17,15,87.6,67,0,11,Clear
2026-08-17T20:00:00Z,2026-08-17,16,87.6,67,0,11.3,Clear
2026-08-17T21:00:00Z,2026-08-17,17,87.6,67,0,10.6,Clear
2026-08-17T22:00:00Z,2026-08-17,18,87.6,68,0,9.9,Clear
2026-08-17T23:00:00Z,2026-08-17,19,87.3,70,0,9.4,Clear
2026-08-18T00:00:00Z,2026-08-17,20,87.4,68,0,7.9,Clear
2026-08-18T01:00:00Z,2026-08-17,21,87.2,69,0,7.9,Clear
2026-08-18T02:00:00Z,2026-08-17,22,87,69,0,7.8,Clear
2026-08-18T03:00:00Z,2026-08-17,23,87,69,0,8.3,Clear
2026-08-18T04:00:00Z,2026-08-18,0,86.7,69,0,8.3,Clear
2026-08-18T05:00:00Z,2026-08-18,1,86.2,72,0,8,Clear
2026-08-18T06:00:00Z,2026-08-18,2,85.5,76,0,8.2,Clear
2026-08-18T07:00:00Z,2026-08-18,3,85.4,76,0,9.3,Cloudy
2026-08-18T08:00:00Z,2026-08-18,4,85.3,77,0,9.2,Clear
2026-08-18T09:00:00Z,2026-08-18,5,85.1,77,0,8.1,Clear
2026-08-18T10:00:00Z,2026-08-18,6,84.9,77,0,8.1,Cloudy
2026-08-18T11:00:00Z,2026-08-18,7,84.8,77,0,8.3,Cloudy
2026-08-18T12:00:00Z,2026-08-18,8,85.9,76,0,8.6,Cloudy
2026-08-18T13:00:00Z,2026-08-18,9,86.5,74,0,9.7,Clear
2026-08-18T14:00:00Z,2026-08-18,10,86.9,73,0,10.6,Clear
2026-08-18T15:00:00Z,2026-08-18,11,87.1,73,0,11.9,Clear
2026-08-18T16:00:00Z,2026-08-18,12,87.5,72,0,12.4,Clear
2026-08-18T17:00:00Z,2026-08-18,13,87.7,71,0,12.1,Clear
2026-08-18T18:00:00Z,2026-08-18,14,88.2,70,0,12.2,Clear
2026-08-18T19:00:00Z,2026-08-18,15,88.1,71,0,12.2,Clear
2026-08-18T20:00:00Z,2026-08-18,16,88,72,0,12.1,Clear
2026-08-18T21:00:00Z,2026-08-18,17,87.9,72,0,11.6,Clear
2026-08-18T22:00:00Z,2026-08-18,18,87.4,73,0,11.1,Clear
2026-08-18T23:00:00Z,2026-08-18,19,87.1,74,0,11,Clear
2026-08-19T00:00:00Z,2026-08-18,20,87,75,0,10.1,Clear
2026-08-19T01:00:00Z,2026-08-18,21,86.9,76,0,10.2,Clear
2026-08-19T02:00:00Z,2026-08-18,22,86.9,75,0,10.3,Cloudy
2026-08-19T03:00:00Z,2026-08-18,23,87.2,73,0.004,10,Drizzle
2026-08-19T04:00:00Z,2026-08-19,0,87.3,73,0,9.3,Clear
2026-08-19T05:00:00Z,2026-08-19,1,87.6,70,0.012,9.6,Drizzle
2026-08-19T06:00:00Z,2026-08-19,2,86.2,78,0.008,11.2,Drizzle
2026-08-19T07:00:00Z,2026-08-19,3,85.9,78,0,12,Clear
2026-08-19T08:00:00Z,2026-08-19,4,85.6,78,0,11.9,Clear
2026-08-19T09:00:00Z,2026-08-19,5,85.5,78,0,11.5,Clear
2026-08-19T10:00:00Z,2026-08-19,6,85.4,78,0,10.9,Clear
2026-08-19T11:00:00Z,2026-08-19,7,85.5,77,0,10.6,Clear
2026-08-19T12:00:00Z,2026-08-19,8,86.6,77,0,8.1,Clear
2026-08-19T13:00:00Z,2026-08-19,9,85.1,78,0.004,9.7,Drizzle
2026-08-19T14:00:00Z,2026-08-19,10,80.1,83,0.106,10.3,Rain
2026-08-19T15:00:00Z,2026-08-19,11,80.9,83,0.024,8.6,Drizzle
2026-08-19T16:00:00Z,2026-08-19,12,81.8,82,0.012,8,Drizzle
2026-08-19T17:00:00Z,2026-08-19,13,82.6,81,0,8.5,Cloudy
2026-08-19T18:00:00Z,2026-08-19,14,88.2,69,0,6.9,Cloudy
2026-08-19T19:00:00Z,2026-08-19,15,85.8,73,0,16.5,Cloudy
2026-08-19T20:00:00Z,2026-08-19,16,84.7,76,0,10,Cloudy
2026-08-19T21:00:00Z,2026-08-19,17,85.3,75,0,6.1,Cloudy
2026-08-19T22:00:00Z,2026-08-19,18,85.3,77,0,6.6,Cloudy
2026-08-19T23:00:00Z,2026-08-19,19,84.7,79,0,6.3,Cloudy
2026-08-20T00:00:00Z,2026-08-19,20,81.7,85,0,2.2,Cloudy
2026-08-20T01:00:00Z,2026-08-19,21,83.4,83,0.031,2.3,Drizzle
2026-08-20T02:00:00Z,2026-08-19,22,83.5,85,0.008,2,Drizzle
2026-08-20T03:00:00Z,2026-08-19,23,83.5,85,0,0.6,Cloudy
2026-08-20T04:00:00Z,2026-08-20,0,80,90,0.004,14,Drizzle
2026-08-20T05:00:00Z,2026-08-20,1,78.7,93,0.035,5.1,Drizzle
2026-08-20T06:00:00Z,2026-08-20,2,82.8,80,0.028,8.1,Drizzle
2026-08-20T07:00:00Z,2026-08-20,3,81.7,85,0,6.2,Clear
2026-08-20T08:00:00Z,2026-08-20,4,81.7,84,0,4.3,Clear
2026-08-20T09:00:00Z,2026-08-20,5,81.1,86,0,2.5,Cloudy
2026-08-20T10:00:00Z,2026-08-20,6,80.2,93,0,3.6,Clear
2026-08-20T11:00:00Z,2026-08-20,7,79.9,96,0,3.4,Cloudy
2026-08-20T12:00:00Z,2026-08-20,8,83,91,0,2.2,Cloudy
2026-08-20T13:00:00Z,2026-08-20,9,82.5,80,0.039,2.7,Drizzle
2026-08-20T14:00:00Z,2026-08-20,10,79.5,82,0.063,7.7,Rain
2026-08-20T15:00:00Z,2026-08-20,11,81,80,0.02,1,Drizzle
2026-08-20T16:00:00Z,2026-08-20,12,82.8,78,0,4.6,Cloudy
2026-08-20T17:00:00Z,2026-08-20,13,83.5,79,0,5.9,Cloudy
2026-08-20T18:00:00Z,2026-08-20,14,81.1,80,0,14.4,Cloudy
2026-08-20T19:00:00Z,2026-08-20,15,79.5,85,0.035,7,Drizzle
2026-08-20T20:00:00Z,2026-08-20,16,80.8,81,0.004,1.4,Drizzle
2026-08-20T21:00:00Z,2026-08-20,17,83.4,75,0,1.4,Cloudy
2026-08-20T22:00:00Z,2026-08-20,18,84.8,71,0,1.6,Cloudy
2026-08-20T23:00:00Z,2026-08-20,19,85.3,72,0,4.1,Cloudy
2026-08-21T00:00:00Z,2026-08-20,20,87.2,67,0,3.8,Cloudy
2026-08-21T01:00:00Z,2026-08-20,21,85.3,75,0,5.8,Cloudy
2026-08-21T02:00:00Z,2026-08-20,22,83.6,82,0,6.6,Cloudy
2026-08-21T03:00:00Z,2026-08-20,23,82.7,85,0,4.7,Cloudy
